0,691870764,52089973,156220506,104190697,26001313,260575783,78729378,117762320,479663405,52040963,208627393,18800611,550312287,719273646,549997896,421417941,556755444,0,0,0,LZMA
1,772081960,52082836,130226668,104155597,52002795,260639093,52238186,78437112,443378871,26020761,182324324,103406345,549054366,761570544,548748648,421281756,506483040,0,0,0,LZMA
2,770094767,52088686,156176215,104201097,52003484,260553670,82099446,52265629,443320488,26021008,182891969,47003149,548949534,760956525,548663703,421177449,506623971,0,0,0,LZMA
3,774879261,52087581,156220233,104183391,26002197,260574002,26119639,78517309,469465204,52043160,208365443,103405969,549513699,761173581,549216255,421455447,506153571,0,0,0,LZMA
4,717216071,52107133,156215189,104170300,26000767,260591526,78456300,80257086,443399931,52041535,186050852,94006016,549128790,719031012,548823471,421338057,548800728,0,0,0,LZMA
5,769529683,52084253,156233844,104157144,52003276,260549679,52250965,78401570,443436461,26021125,156274703,103405969,549913392,760788924,549620253,421177302,506488710,0,0,0,LZMA
6,775306493,52104299,156205049,104184769,52001872,260533832,83994872,104619112,443794455,26028171,187174000,94006110,549227994,760591881,548929185,421525104,506514519,0,0,0,LZMA
7,774642284,52093223,156216151,104164372,52003107,260537303,79545154,78547651,443398462,26020124,185539887,103406533,591266928,761098989,590964171,463198869,506455215,0,0,0,LZMA
8,771346277,52136266,156201318,104162253,26001638,260534573,78421915,78509847,469496430,52040963,185035929,103405969,549230241,719134416,548923431,421167390,548765091,0,0,0,LZMA
9,1285557767,78133991,78101296,78111306,104008424,312506012,341132038,340162420,652113839,26025207,156263601,112806580,591368652,761842536,591045945,420995568,506643144,0,0,0,LZMA
10,130239434,130239434,156202371,130213759,260024492,182337506,287397500,287639235,469492491,26021671,130264641,64202568,759961062,1098279609,759922380,631623069,970744845,0,0,0,LZMA
11,1360664604,104224120,104137566,104142753,130009321,312507273,365762176,444583971,678147626,26019318,182389974,171206741,970766328,1355771613,970204431,883988070,928378794,0,0,0,LZMA
12,1566568549,130234793,156189449,130191594,260020943,182315757,261329315,287535482,469504581,26020644,130260624,149805136,1014008709,1437097977,1013441121,884256135,1059339750,0,0,0,LZMA
13,1676174799,104141466,156186745,130184925,260021736,182308308,287567332,287958515,469636882,26020254,130250068,107004066,1013994051,1396054632,1013381418,926145213,972610611,0,0,0,LZMA
14,2023802,14472012,0,14453904,0,3026973,0,0,0,0,0,0,26001794,0,0,0,0,0,24272100,21001239,UPX
15,4035240,19302144,0,14453856,0,2263358,0,0,0,0,0,0,0,0,0,0,0,21402354,48394596,29402037,UPX
16,6085332,14472108,0,14453868,0,2193384,0,0,0,0,0,0,52003900,0,0,0,0,85604922,72971664,16800840,UPX
17,6066940,19296756,0,9636072,0,2419893,0,0,0,0,0,0,26002379,0,0,0,0,0,72762972,16800882,UPX
18,4043600,14472456,0,14454072,0,4460973,0,0,0,0,0,0,52003289,0,0,0,0,85604922,48489828,16801323,UPX
19,936000000,192993564,0,154000000,0,406000000,0,0,0,0,0,0,78004901,0,0,0,0,14845056,811000000,16801050,UPX
20,857000000,192974856,0,145000000,0,584000000,0,0,0,0,0,0,130000000,0,0,0,0,43335972,941000000,25201407,UPX
21,802000000,197941728,0,154000000,0,761000000,0,0,0,0,0,0,182000000,0,0,0,0,33635364,1130000000,25201260,UPX
22,790000000,188139180,0,149000000,0,617000000,0,0,0,0,0,0,182000000,0,0,0,0,33634248,1120000000,25200945,UPX
23,80551966,96494640,0,67483944,0,24126669,0,0,0,0,0,0,52003575,0,0,0,0,0,314000000,16801008,UPX
24,766000000,197812092,0,198000000,0,824000000,0,0,0,0,0,0,130000000,0,0,0,0,38439768,968000000,25201176,UPX
25,747000000,193000000,0,154000000,0,686000000,0,0,0,0,0,0,182000000,0,0,0,0,38442180,1180000000,25201617,UPX
26,735000000,193000000,0,154000000,0,817000000,0,0,0,0,0,0,208000000,0,0,0,0,38439180,1130000000,25200966,UPX
27,747000000,193000000,0,154000000,0,657000000,0,0,0,0,0,0,208000000,0,0,0,0,38439276,1150000000,25201197,UPX
28,849000000,183000000,0,149000000,0,404000000,0,0,0,0,0,0,104000000,0,0,0,0,33638976,733000000,25201617,UPX
